jugador,nacionalidad,posicion,equipo,competicion,edad,año_nacimiento,pj,titular,minutos,partidos_completos_90,goles_en_contra_adv,goles_contra_por90,tiros_a_puerta_en_contra,paradas,porc_paradas,victorias,empates,derrotas,porterias_cero,porc_porterias_cero,penales_recibidos,penales_concedidos_adv,penales_parados,penales_fallados,porc_penales_parados,goles_falta_directa_en_contra,goles_corners_en_contra,autogoles_en_contra,psxg_en_contra,psnpxg_por_tiro_en_contra,psxg_neto,psxg_neto_por90,pases_largos_completados,pases_largos,porc_pases_largos_completados,pases_totales,saques_con_la_mano,porc_pases_lanzados,long_media_pase,saques_de_porteria,porc_saques_largos,long_media_saque,centros_defendidos,centros_atrapados,porc_centros_atrapados,acciones_fuera_del_area,acciones_fuera_del_area_por90,dist_media_acciones_fuera_area,season,stint_id
Julen Agirrezabala,ESP,GK,Valencia,La Liga,0.0,2000,8,8,720,8.0,14,1.75,39,25,64.1025641025641,2,2,4,2,25.0,0,0,0,0,0.0,0,2,0,10.5,0.28,-3.5,-0.44,30,102,29.4,224,37,32.1,31.8,55,54.5,47.2,115,9,7.8,14,1.75,16.1,2025-2026,08865a5bfabedbaf72abfbac999877dd
Augusto Batalla,ARG,GK,Rayo Vallecano,La Liga,0.0,1996,8,8,720,8.0,10,1.25,32,22,68.75,2,2,4,1,12.5,2,2,0,0,0.0,0,1,0,11.2,0.31,1.2,0.14,51,138,37.0,267,32,43.8,39.9,36,58.3,50.6,94,9,9.6,23,2.88,18.5,2025-2026,ac555bbb0b110420ebe836ed8b7a24e5
Marko Dmitrović,SRB,GK,Espanyol,La Liga,0.0,1992,8,8,720,8.0,11,1.37,37,26,70.27027027027027,3,3,2,2,25.0,1,1,0,0,0.0,1,1,0,10.6,0.27,-0.4,-0.05,39,125,31.2,211,36,47.4,38.8,44,56.8,48.5,117,6,5.1,7,0.88,13.5,2025-2026,7ae5c9a73269999d2b148497fcdfc431
Thibaut Courtois,BEL,GK,Real Madrid,La Liga,0.0,1992,8,8,720,8.0,9,1.13,22,13,59.09090909090909,7,0,1,3,37.5,2,2,0,0,0.0,1,1,0,6.2,0.22,-2.8,-0.35,24,78,30.8,204,34,27.9,33.4,38,55.3,46.3,96,5,5.2,12,1.5,15.8,2025-2026,36a86f41fe889210a9aa9a45c9451934
Aarón Escandell,ESP,GK,Oviedo,La Liga,0.0,1995,8,8,720,8.0,14,1.75,54,39,72.22222222222221,2,0,6,1,12.5,1,0,1,0,100.0,0,5,0,15.6,0.3,1.6,0.2,49,120,40.8,233,27,41.2,35.3,46,52.2,40.7,117,3,2.6,18,2.25,17.4,2025-2026,5fb3124b929682488205d87f1bf18457
Sergio Herrera,ESP,GK,Osasuna,La Liga,0.0,1993,8,8,720,8.0,8,1.0,36,28,77.77777777777779,3,1,4,2,25.0,1,1,0,0,0.0,0,0,0,10.2,0.28,2.2,0.27,50,116,43.1,186,39,38.7,34.8,72,61.1,43.6,129,7,5.4,17,2.13,17.7,2025-2026,880d1d5a7066950753dfe24701e76746
Leo Román,ESP,GK,Mallorca,La Liga,0.0,2000,8,8,720,8.0,13,1.62,38,24,63.1578947368421,1,2,5,1,12.5,3,2,1,0,33.33333333333333,0,2,0,14.1,0.32,1.1,0.14,49,137,35.8,219,22,47.5,39.0,52,63.5,48.4,116,7,6.0,5,0.63,11.2,2025-2026,b07baa3211417da4bba3fc9cce6d0141
Jan Oblak,SVN,GK,Atlético Madrid,La Liga,0.0,1993,8,8,720,8.0,10,1.25,22,12,54.54545454545454,3,4,1,1,12.5,1,1,0,0,0.0,0,0,0,7.1,0.3,-2.9,-0.36,42,96,43.8,199,27,30.2,32.3,57,63.2,45.5,100,5,5.0,6,0.75,11.6,2025-2026,f3c85df1c0456778475b595a50a1add7
Ionuț Radu,ROU,GK,Celta Vigo,La Liga,0.0,1997,8,8,720,8.0,10,1.25,33,23,69.6969696969697,0,6,2,0,0.0,1,0,1,0,100.0,0,1,1,9.2,0.26,0.2,0.03,19,55,34.5,168,45,23.8,29.2,55,27.3,31.5,84,3,3.6,7,0.88,13.6,2025-2026,716b8fb90a16a07388e927738ca31936
Unai Simón,ESP,GK,Athletic Club,La Liga,0.0,1997,8,8,720,8.0,9,1.13,26,18,69.23076923076923,4,1,3,1,12.5,0,0,0,0,0.0,0,1,1,8.6,0.33,0.6,0.07,24,99,24.2,208,36,34.6,33.4,36,75.0,57.4,81,6,7.4,18,2.25,19.8,2025-2026,f7cb22cc06111d27a01a6631cb6482cf
David Soria,ESP,GK,Getafe,La Liga,0.0,1993,8,8,720,8.0,11,1.37,28,18,64.28571428571429,3,2,3,2,25.0,0,0,0,0,0.0,0,3,1,8.0,0.29,-2.0,-0.25,62,187,33.2,163,9,81.0,50.6,61,90.2,60.0,95,4,4.2,7,0.88,15.0,2025-2026,30c5bb24d368383fdfd7a75f7bcfd0a4
Antonio Sivera,ESP,GK,Alavés,La Liga,0.0,1996,8,8,720,8.0,8,1.0,26,18,69.23076923076923,3,2,3,1,12.5,0,0,0,0,0.0,0,0,0,8.4,0.34,0.4,0.06,63,139,45.3,144,17,61.8,44.7,58,86.2,61.1,106,4,3.8,3,0.38,9.4,2025-2026,4fa4961a71b87a0125500869a9380a6c
Álex Remiro,ESP,GK,Real Sociedad,La Liga,0.0,1995,8,8,720,8.0,12,1.5,32,21,65.625,1,2,5,1,12.5,1,1,0,0,0.0,0,1,1,10.8,0.31,-0.2,-0.02,48,95,50.5,225,27,32.4,31.8,52,42.3,42.1,88,2,2.3,18,2.25,19.4,2025-2026,719fe060ee79ffe6c00b2a50b0d7b19f
Martin Dúbravka,SVK,GK,Burnley,Premier League,0.0,1989,7,7,630,7.0,15,2.14,40,28,70.0,1,1,5,1,14.285714285714285,2,2,0,0,0.0,0,1,3,13.7,0.3,1.7,0.25,39,158,24.7,167,33,48.5,37.0,85,90.6,63.4,144,7,4.9,1,0.14,8.3,2025-2026,4a4ab7b2775f25c79215abc88c8e7077
Lucas Chevalier,FRA,GK,Paris S-G,Ligue 1,0.0,2001,7,7,630,7.0,5,0.71,15,10,66.66666666666666,5,1,1,4,57.14285714285714,1,0,1,0,100.0,0,1,1,3.9,0.2,-0.1,-0.01,9,22,40.9,157,24,7.6,23.5,20,50.0,39.2,57,2,3.5,5,0.71,14.7,2025-2026,5dd3a98acc19ad08b7ada54b9de67837
Yehvann Diouf,SEN,GK,Nice,Ligue 1,0.0,1999,7,7,630,7.0,12,1.71,35,23,65.71428571428571,2,2,3,1,14.285714285714285,3,3,0,0,0.0,0,0,0,11.7,0.27,-0.3,-0.05,16,58,27.6,184,34,22.3,27.0,30,56.7,42.1,94,8,8.5,8,1.14,15.1,2025-2026,1694d50cce0b8b0d96cd389577c8ea5b
David Raya,ESP,GK,Arsenal,Premier League,0.0,1995,7,7,630,7.0,3,0.43,18,15,83.33333333333334,5,1,1,4,57.14285714285714,0,0,0,0,0.0,1,1,0,3.2,0.18,0.2,0.03,37,102,36.3,238,34,36.1,33.9,18,88.9,60.8,54,6,11.1,11,1.57,18.7,2025-2026,d8c1e8042864070bd2d06b0b1fa286b1
Guillaume Restes,FRA,GK,Toulouse,Ligue 1,0.0,2005,7,7,630,7.0,12,1.71,23,11,47.82608695652174,3,1,3,2,28.57142857142857,3,3,0,0,0.0,0,2,0,10.1,0.34,-1.9,-0.27,37,89,41.6,154,17,44.8,36.9,32,62.5,46.3,95,8,8.4,5,0.71,12.1,2025-2026,ba024cfab1e1a36435e07b890fee0f29
Jordan Pickford,ENG,GK,Everton,Premier League,0.0,1994,7,7,630,7.0,7,1.0,24,16,66.66666666666666,3,2,2,2,28.57142857142857,2,1,1,0,50.0,0,0,0,7.7,0.26,0.7,0.1,65,167,38.9,262,23,52.3,41.3,41,73.2,55.4,85,4,4.7,18,2.57,18.4,2025-2026,c4343fcb455377673d5cc5c716e45198
Brice Samba,FRA,GK,Rennes,Ligue 1,0.0,1994,7,7,630,7.0,10,1.43,29,18,62.06896551724138,2,4,1,2,28.57142857142857,2,1,1,0,50.0,0,1,0,11.9,0.36,1.9,0.27,29,94,30.9,289,33,28.0,32.0,40,32.5,34.0,113,7,6.2,5,0.71,15.6,2025-2026,d9265b63bd9441547e85b6ca88ea3f27
Bart Verbruggen,NED,GK,Brighton,Premier League,0.0,2002,7,7,630,7.0,10,1.43,22,14,63.63636363636363,2,3,2,0,0.0,1,1,0,0,0.0,0,1,2,8.8,0.36,0.8,0.11,18,86,20.9,252,33,29.0,31.9,19,68.4,50.8,85,3,3.5,7,1.0,15.2,2025-2026,18391a44b2129664a37c87463167bcdf
Robin Risser,FRA,GK,Lens,Ligue 1,0.0,2004,7,7,630,7.0,6,0.86,24,18,75.0,4,1,2,2,28.57142857142857,0,0,0,0,0.0,0,2,0,7.3,0.32,1.3,0.18,30,81,37.0,189,21,30.7,33.5,45,51.1,41.1,94,5,5.3,3,0.43,12.7,2025-2026,09ec69cdc8eed6ecfbb898dfe0a86888
Robin Roefs,NED,GK,Sunderland,Premier League,0.0,2003,7,7,630,7.0,6,0.86,29,22,75.86206896551724,3,2,2,3,42.857142857142854,1,0,1,0,100.0,0,1,0,8.3,0.28,2.3,0.33,34,119,28.6,235,23,36.6,35.4,37,89.2,64.8,115,11,9.6,11,1.57,13.2,2025-2026,d50953237bc8fe0417ee2b84c831642f
Nick Pope,ENG,GK,Newcastle Utd,Premier League,0.0,1992,7,7,630,7.0,5,0.71,24,19,79.16666666666666,2,3,2,5,71.42857142857143,0,0,0,0,0.0,0,2,0,6.1,0.26,1.1,0.16,15,79,19.0,161,50,33.5,34.1,39,64.1,48.6,83,17,20.5,23,3.29,17.7,2025-2026,880fee38d458d7edb1f9be655202c006
Đorđe Petrović,SRB,GK,Bournemouth,Premier League,0.0,1999,7,7,630,7.0,8,1.14,27,19,70.37037037037037,4,2,1,3,42.857142857142854,0,0,0,0,0.0,0,2,0,8.2,0.3,0.2,0.03,30,90,33.3,157,32,36.3,34.5,50,66.0,53.0,88,8,9.1,13,1.86,14.7,2025-2026,dd25e7b83d8bf5d70e6742df7914851f
Caoimhín Kelleher,IRL,GK,Brentford,Premier League,0.0,1998,7,7,630,7.0,12,1.71,29,17,58.620689655172406,2,1,4,1,14.285714285714285,2,1,1,0,50.0,0,1,1,9.2,0.29,-1.8,-0.26,46,119,38.7,222,37,40.1,34.1,36,83.3,59.5,91,6,6.6,5,0.71,10.7,2025-2026,990c672df37481c5ed637b90223b12da
Anthony Lopes,POR,GK,Nantes,Ligue 1,0.0,1990,7,7,630,7.0,7,1.0,36,29,80.55555555555556,1,3,3,2,28.57142857142857,2,2,0,0,0.0,0,1,0,7.7,0.17,0.7,0.09,35,84,41.7,279,33,27.6,30.8,27,25.9,31.4,126,6,4.8,9,1.29,12.2,2025-2026,4a7b497a87fadfe0b52c399051cb03e0
Bernd Leno,GER,GK,Fulham,Premier League,0.0,1992,7,7,630,7.0,11,1.57,29,19,65.51724137931035,2,2,3,1,14.285714285714285,3,2,0,1,0.0,0,1,1,9.0,0.28,-1.0,-0.14,21,79,26.6,240,36,24.6,29.5,35,57.1,45.1,83,6,7.2,6,0.86,13.1,2025-2026,c7225d3e058c6fb49b658a82f824a45f
Hervé Koffi,BFA,GK,Angers,Ligue 1,0.0,1996,7,7,630,7.0,11,1.57,43,31,72.09302325581395,1,2,4,1,14.285714285714285,3,1,1,1,33.33333333333333,0,3,0,15.7,0.34,4.7,0.67,28,78,35.9,174,39,37.9,35.1,39,30.8,33.3,113,13,11.5,3,0.43,8.6,2025-2026,7958e8c3688b4fd4b5fef9c7b4af7c58
Dean Henderson,ENG,GK,Crystal Palace,Premier League,0.0,1997,7,7,630,7.0,5,0.71,21,16,76.19047619047619,3,3,1,3,42.857142857142854,1,1,0,0,0.0,0,1,0,7.1,0.31,2.1,0.3,37,129,28.7,199,28,46.7,38.7,62,58.1,46.6,128,7,5.5,3,0.43,10.7,2025-2026,2963a16e75006ca9a02d56dbab9560d6
Jonathan Fischer,DEN,GK,Metz,Ligue 1,0.0,2001,7,7,630,7.0,16,2.29,41,26,63.41463414634146,0,2,5,1,14.285714285714285,2,2,0,0,0.0,0,0,1,16.3,0.37,1.3,0.18,21,51,41.2,266,29,16.2,26.0,22,36.4,33.7,96,3,3.1,10,1.43,14.0,2025-2026,60c6d8db43cadc834fab932f0a43bdfc
Mory Diaw,SEN,GK,Le Havre,Ligue 1,0.0,1993,7,7,630,7.0,10,1.43,22,13,59.09090909090909,1,3,3,1,14.285714285714285,2,2,0,0,0.0,0,2,1,8.1,0.29,-0.9,-0.12,32,85,37.6,234,37,26.5,29.6,47,48.9,39.1,109,13,11.9,10,1.43,13.5,2025-2026,6bfa49362b787f9fdcec904a09f767e5
Matz Sels,BEL,GK,Nott'ham Forest,Premier League,0.0,1992,7,7,630,7.0,12,1.71,37,25,67.56756756756756,1,2,4,0,0.0,3,3,0,0,0.0,0,1,0,13.6,0.31,1.6,0.23,20,71,28.2,150,26,41.3,35.4,42,21.4,26.5,105,4,3.8,5,0.71,13.5,2025-2026,e87ddf2f7d1a45e26c69559280d94126
Guglielmo Vicario,ITA,GK,Tottenham,Premier League,0.0,1996,7,7,630,7.0,5,0.71,29,24,82.75862068965517,4,2,1,3,42.857142857142854,0,0,0,0,0.0,0,1,0,7.2,0.27,2.2,0.31,24,74,32.4,265,35,22.6,28.7,44,31.8,31.6,78,3,3.8,13,1.86,16.7,2025-2026,1a35ad77b33041f36ef2f72204cd9035
Paulo Gazzaniga,ARG,GK,Girona,La Liga,0.0,1992,7,7,582,6.5,11,1.7,35,24,68.57142857142857,1,3,3,1,14.285714285714285,1,1,0,0,0.0,1,0,0,13.4,0.36,2.4,0.37,16,90,17.8,198,33,34.8,35.0,31,67.7,50.2,104,2,1.9,7,1.08,15.9,2025-2026,b6150277cc66ad724b7740d5d17b9c3f
Nicola Leali,ITA,GK,Genoa,Serie A,0.0,1993,6,6,540,6.0,9,1.5,23,14,60.86956521739131,0,2,4,1,16.666666666666664,1,1,0,0,0.0,0,1,0,7.7,0.31,-1.3,-0.21,25,89,28.1,155,14,46.5,37.4,24,70.8,50.2,71,1,1.4,8,1.33,17.9,2025-2026,e4c0b437787b3b93996919cd16030a88
Kamil Grabara,POL,GK,Wolfsburg,Bundesliga,0.0,1999,6,6,540,6.0,10,1.67,28,18,64.28571428571429,1,2,3,0,0.0,2,1,0,1,0.0,1,1,0,10.1,0.33,0.1,0.01,17,63,27.0,206,37,24.8,30.7,20,60.0,47.1,120,5,4.2,6,1.0,12.4,2025-2026,0a1b70b500dd9018ba8c3013c28b2ac5
Ivan Provedel,ITA,GK,Lazio,Serie A,0.0,1994,6,6,540,6.0,7,1.17,32,25,78.125,2,1,3,2,33.33333333333333,0,0,0,0,0.0,1,2,0,10.5,0.35,3.5,0.58,20,74,27.0,164,21,36.0,35.2,31,48.4,39.6,73,6,8.2,3,0.5,11.0,2025-2026,63a485d0ee3e11ddda136ef8b78b9b5f
Mark Flekken,NED,GK,Leverkusen,Bundesliga,0.0,1993,6,6,540,6.0,8,1.33,27,19,70.37037037037037,3,2,1,1,16.666666666666664,1,1,0,0,0.0,0,4,0,7.2,0.23,-0.8,-0.14,20,72,27.8,189,23,25.4,30.7,38,63.2,49.9,86,3,3.5,10,1.67,15.1,2025-2026,6c93f46df1dd89e3302da2fca3895731
Joan García,ESP,GK,Barcelona,La Liga,0.0,2001,6,6,540,6.0,4,0.67,18,14,77.77777777777779,5,1,0,3,50.0,1,1,0,0,0.0,0,1,0,6.0,0.3,2.0,0.33,6,12,50.0,167,47,6.6,24.5,14,7.1,27.9,53,3,5.7,28,4.67,21.9,2025-2026,d64852b7ac015a2944669abb9d0184e6
Łukasz Skorupski,POL,GK,Bologna,Serie A,0.0,1991,6,6,540,6.0,5,0.83,17,12,70.58823529411765,3,1,2,2,33.33333333333333,0,0,0,0,0.0,0,1,0,4.8,0.28,-0.2,-0.04,31,77,40.3,270,33,24.8,31.0,27,37.0,36.4,57,5,8.8,4,0.67,11.3,2025-2026,1c6806333e46117e3e64810048699206
Adrian Šemper,CRO,GK,Pisa,Serie A,0.0,1998,6,6,540,6.0,10,1.67,29,19,65.51724137931035,0,2,4,1,16.666666666666664,0,0,0,0,0.0,1,0,0,8.9,0.31,-1.1,-0.18,48,110,43.6,166,21,55.4,42.0,29,62.1,49.8,83,8,9.6,0,0.0,6.4,2025-2026,1efae2a1296795d9b1fb17dbfa459155
Robert Sánchez,ESP,GK,Chelsea,Premier League,0.0,1997,7,7,544,6.0,7,1.16,19,12,63.1578947368421,3,2,2,2,28.57142857142857,0,0,0,0,0.0,0,1,0,5.8,0.31,-1.2,-0.2,19,92,20.7,220,30,35.0,35.2,26,57.7,50.8,69,10,14.5,5,0.83,11.8,2025-2026,a982ec73e14e9641c6dd96025f33259b
Marvin Schwäbe,GER,GK,Köln,Bundesliga,0.0,1995,6,6,540,6.0,9,1.5,27,18,66.66666666666666,3,1,2,2,33.33333333333333,1,1,0,0,0.0,2,2,0,9.9,0.37,0.9,0.15,50,144,34.7,225,15,42.7,37.2,62,77.4,56.9,122,2,1.6,6,1.0,15.6,2025-2026,7eb320566bf0eaaf12114ced6d8922ab
Mike Penders,BEL,GK,Strasbourg,Ligue 1,0.0,2005,6,6,540,6.0,7,1.17,21,14,66.66666666666666,4,0,2,3,50.0,0,0,0,0,0.0,0,0,0,6.0,0.3,-1.0,-0.17,16,45,35.6,249,19,14.9,24.5,15,53.3,41.3,85,9,10.6,5,0.83,11.4,2025-2026,f37e3fdcb2ed4507d8900310a163184b
Diant Ramaj,GER,GK,Heidenheim,Bundesliga,0.0,2001,6,6,540,6.0,11,1.83,35,24,68.57142857142857,1,0,5,0,0.0,1,1,0,0,0.0,0,0,0,12.8,0.36,1.8,0.31,48,143,33.6,288,27,38.9,38.8,53,58.5,49.5,90,10,11.1,8,1.33,11.8,2025-2026,1b21a009856ddb5516a4eede18b7c2ba
Manuel Neuer,GER,GK,Bayern Munich,Bundesliga,0.0,1986,6,6,540,6.0,3,0.5,13,10,76.92307692307693,6,0,0,4,66.66666666666666,0,0,0,0,0.0,1,0,0,3.0,0.23,0.0,0.0,29,61,47.5,231,27,23.4,29.9,26,26.9,32.6,60,1,1.7,20,3.33,23.0,2025-2026,9042407d1499c97efbdda5b7cd4ccd22
Razvan Sava,ROU,GK,Udinese,Serie A,0.0,2002,6,6,540,6.0,9,1.5,21,12,57.14285714285714,2,2,2,1,16.666666666666664,0,0,0,0,0.0,0,1,0,6.9,0.33,-2.1,-0.35,14,47,29.8,141,20,24.8,29.4,31,38.7,37.2,71,1,1.4,6,1.0,18.2,2025-2026,bbef8648047488862c0625e8b25f4d17
Gregor Kobel,SUI,GK,Dortmund,Bundesliga,0.0,1997,6,6,540,6.0,4,0.67,16,12,75.0,4,2,0,4,66.66666666666666,1,1,0,0,0.0,0,0,0,4.2,0.23,0.2,0.03,17,56,30.4,168,23,29.2,31.0,22,31.8,36.0,82,1,1.2,4,0.67,14.8,2025-2026,cc6a31a622e2bd958cbbbc9c2c067cd3
Finn Dahmen,GER,GK,Augsburg,Bundesliga,0.0,1998,6,6,540,6.0,13,2.17,34,20,58.82352941176471,2,0,4,0,0.0,2,1,1,0,50.0,1,0,0,14.1,0.36,1.1,0.18,35,96,36.5,214,20,32.7,33.6,41,63.4,48.3,74,5,6.8,13,2.17,15.1,2025-2026,781501151a52e19b806b33a09b300d9c
Michele Di Gregorio,ITA,GK,Juventus,Serie A,0.0,1997,6,6,540,6.0,5,0.83,16,11,68.75,3,3,0,3,50.0,2,1,0,1,0.0,0,1,0,5.1,0.26,0.1,0.01,21,55,38.2,170,25,25.3,30.9,22,54.5,44.5,89,7,7.9,2,0.33,9.7,2025-2026,816198cefed351cee42b3547c495e1c7
David de Gea,ESP,GK,Fiorentina,Serie A,0.0,1990,6,6,540,6.0,8,1.33,28,20,71.42857142857143,0,3,3,2,33.33333333333333,1,1,0,0,0.0,0,2,0,7.6,0.26,-0.4,-0.06,29,69,42.0,179,22,34.6,32.8,18,38.9,38.3,70,2,2.9,4,0.67,12.8,2025-2026,9a4ab84ecfea9870386171d87893c631
Luiz Lúcio Reis Júnior,BRA,GK,Villarreal,La Liga,0.0,2001,6,6,540,6.0,4,0.67,18,13,72.22222222222221,4,1,1,3,50.0,2,1,1,0,50.0,0,0,0,5.6,0.23,1.6,0.27,4,28,14.3,110,24,23.6,27.9,21,9.5,24.9,56,2,3.6,7,1.17,13.3,2025-2026,bec7fedefa74c2e8d01a9b81623effa9
Franco Israel,URU,GK,Torino,Serie A,0.0,2000,6,6,540,6.0,13,2.17,28,15,53.57142857142857,1,2,3,2,33.33333333333333,2,2,0,0,0.0,0,2,0,9.0,0.27,-4.0,-0.66,39,102,38.2,198,22,44.4,38.2,21,66.7,49.1,68,2,2.9,5,0.83,14.4,2025-2026,2e5f6429a3813e9a7b7238c8124ce515
Péter Gulácsi,HUN,GK,RB Leipzig,Bundesliga,0.0,1990,6,6,540,6.0,8,1.33,22,14,63.63636363636363,4,1,1,3,50.0,0,0,0,0,0.0,0,1,0,6.9,0.31,-1.1,-0.19,20,64,31.3,208,22,22.1,29.4,29,62.1,47.8,88,5,5.7,8,1.33,14.1,2025-2026,f0f7e5acbb5956bd1f1a7a80bfa42fd8
Daniel Heuer Fernandes,POR,GK,Hamburger SV,Bundesliga,0.0,1992,6,6,540,6.0,8,1.33,35,26,74.28571428571429,2,2,2,3,50.0,2,1,1,0,50.0,0,2,0,8.7,0.21,0.7,0.11,33,94,35.1,247,18,31.6,30.7,34,47.1,42.9,96,3,3.1,4,0.67,12.0,2025-2026,d1859280435128662dcb44f37e3bbc1e
Wladimiro Falcone,ITA,GK,Lecce,Serie A,0.0,1995,6,6,540,6.0,10,1.67,29,19,65.51724137931035,1,2,3,2,33.33333333333333,2,2,0,0,0.0,0,1,0,10.1,0.29,0.1,0.01,39,127,30.7,161,16,66.5,45.3,24,83.3,52.0,88,3,3.4,7,1.17,13.0,2025-2026,b674db3ddc83992d7e15e7d3b497fcbc
Jean Butez,FRA,GK,Como,Serie A,0.0,1995,6,6,540,6.0,5,0.83,13,8,61.53846153846154,2,3,1,1,16.666666666666664,0,0,0,0,0.0,0,1,0,4.3,0.33,-0.7,-0.12,39,71,54.9,221,21,27.1,29.6,20,55.0,43.9,72,8,11.1,11,1.83,16.0,2025-2026,f4f179d40d982ffae45af5ea17b50330
Marco Carnesecchi,ITA,GK,Atalanta,Serie A,0.0,2000,6,6,540,6.0,5,0.83,27,22,81.48148148148148,2,4,0,1,16.666666666666664,1,0,1,0,100.0,0,1,1,6.8,0.23,2.8,0.46,36,89,40.4,201,30,31.3,32.2,34,76.5,55.9,88,4,4.5,7,1.17,14.1,2025-2026,51c6204bedce8b8c7e8528d618084825
Noah Atubolu,GER,GK,Freiburg,Bundesliga,0.0,2002,6,6,540,6.0,9,1.5,27,17,62.96296296296296,2,2,2,2,33.33333333333333,1,0,1,0,100.0,0,2,0,9.1,0.32,0.1,0.02,55,130,42.3,233,20,46.4,38.5,30,73.3,56.3,84,5,6.0,8,1.33,14.7,2025-2026,bbb0c404efbdd5348d679b775114192b
Oliver Baumann,GER,GK,Hoffenheim,Bundesliga,0.0,1990,6,6,540,6.0,12,2.0,29,17,58.620689655172406,2,1,3,0,0.0,2,2,0,0,0.0,0,3,0,10.4,0.33,-1.6,-0.27,25,76,32.9,171,14,38.0,34.6,25,44.0,37.7,88,3,3.4,19,3.17,19.2,2025-2026,0d55576b3aa4067403150b3ce654424b
Elia Caprile,ITA,GK,Cagliari,Serie A,0.0,2001,6,6,540,6.0,6,1.0,26,20,76.92307692307693,2,2,2,1,16.666666666666664,0,0,0,0,0.0,0,2,0,8.0,0.31,2.0,0.33,38,99,38.4,165,31,45.5,37.5,48,50.0,40.5,103,17,16.5,7,1.17,12.3,2025-2026,558b0597e62c0a5100c77c4697a2869e
Altay Bayındır,TUR,GK,Manchester Utd,Premier League,0.0,1998,6,6,540,6.0,11,1.83,24,13,54.166666666666664,2,1,3,0,0.0,0,0,0,0,0.0,0,2,0,9.4,0.43,-1.6,-0.26,28,95,29.5,176,15,47.7,37.5,16,68.8,49.1,63,6,9.5,7,1.17,13.0,2025-2026,fee41639b8d4fa0fb5816e42b690409a
Alisson,BRA,GK,Liverpool,Premier League,0.0,1992,6,6,540,6.0,7,1.17,16,9,56.25,5,0,1,2,33.33333333333333,0,0,0,0,0.0,0,1,0,6.5,0.4,-0.5,-0.09,22,60,36.7,239,27,23.0,29.5,15,33.3,32.5,76,3,3.9,8,1.33,14.4,2025-2026,2fd5eb98cbb66e4aab6b6f6f8fe5cdb6
Mile Svilar,SRB,GK,Roma,Serie A,0.0,1999,6,6,540,6.0,2,0.33,17,15,88.23529411764706,5,0,1,4,66.66666666666666,0,0,0,0,0.0,0,0,0,3.7,0.22,1.7,0.29,28,85,32.9,199,31,28.6,33.1,45,62.2,48.9,67,3,4.5,4,0.67,14.0,2025-2026,adf6f2ff34ea39ef63d54d05c74b917d
Nikola Vasilj,BIH,GK,St. Pauli,Bundesliga,0.0,1995,6,6,540,6.0,9,1.5,31,20,64.51612903225806,2,1,3,1,16.666666666666664,2,0,2,0,100.0,0,0,0,10.3,0.28,1.3,0.21,15,58,25.9,239,26,23.8,28.6,4,25.0,30.8,39,4,10.3,7,1.17,14.6,2025-2026,302fb98106697f409a0ccb220ea93462
Frederik Rønnow,DEN,GK,Union Berlin,Bundesliga,0.0,1992,6,6,540,6.0,13,2.17,39,26,66.66666666666666,2,1,3,1,16.666666666666664,3,3,0,0,0.0,0,1,0,14.0,0.3,1.0,0.16,37,123,30.1,156,19,54.5,40.4,43,88.4,59.8,93,10,10.8,3,0.5,10.1,2025-2026,089fc0344a6de109f79779763d8e7673
Mathew Ryan,AUS,GK,Levante,La Liga,0.0,1992,6,6,540,6.0,9,1.5,31,22,70.96774193548387,2,2,2,2,33.33333333333333,1,1,0,0,0.0,0,1,0,9.7,0.28,0.7,0.12,32,85,37.6,147,24,38.8,37.4,52,53.8,44.9,97,3,3.1,8,1.33,12.7,2025-2026,a6eacc4e27d4ea138844e4a8d0172587
Zion Suzuki,JPN,GK,Parma,Serie A,0.0,2002,6,6,540,6.0,7,1.17,24,17,70.83333333333334,1,2,3,1,16.666666666666664,0,0,0,0,0.0,0,2,0,5.9,0.25,-1.1,-0.18,39,116,33.6,186,22,45.2,40.1,41,78.0,56.9,78,6,7.7,11,1.83,17.0,2025-2026,b48c4ae2d7c41636a888c20b44cc30d8
Gerónimo Rulli,ARG,GK,Marseille,Ligue 1,0.0,1992,6,6,540,6.0,5,0.83,21,16,76.19047619047619,4,0,2,2,33.33333333333333,0,0,0,0,0.0,0,0,0,6.2,0.3,1.2,0.2,27,65,41.5,187,19,29.4,31.6,18,55.6,46.4,70,13,18.6,16,2.67,16.6,2025-2026,ddec065c0e67d9893b715d961a5ee03a
Alexander Nübel,GER,GK,Stuttgart,Bundesliga,0.0,1996,6,6,540,6.0,6,1.0,22,16,72.72727272727273,4,0,2,3,50.0,1,1,0,0,0.0,0,0,0,6.6,0.26,0.6,0.09,31,68,45.6,206,30,26.7,30.5,30,43.3,38.7,102,9,8.8,8,1.33,14.3,2025-2026,aec23be5f3172dcf424d9586e88c35a0
Obed Nkambadio,FRA,GK,Paris FC,Ligue 1,0.0,2003,6,6,540,6.0,11,1.83,27,16,59.25925925925925,2,1,3,1,16.666666666666664,3,2,0,1,0.0,0,1,0,8.9,0.27,-2.1,-0.35,16,60,26.7,205,24,22.9,29.1,41,31.7,32.4,73,0,0.0,5,0.83,14.0,2025-2026,a6ce648ec6ab85e2ca319ba9fc01abc0
Moritz Nicolas,GER,GK,Gladbach,Bundesliga,0.0,1997,6,6,540,6.0,12,2.0,29,17,58.620689655172406,0,3,3,2,33.33333333333333,1,1,0,0,0.0,0,3,0,9.1,0.29,-2.9,-0.49,17,42,40.5,165,26,20.6,26.0,15,53.3,41.3,64,5,7.8,9,1.5,15.4,2025-2026,65a75a0533f214519c5c33a783e22227
Berke Özer,TUR,GK,Lille,Ligue 1,0.0,2000,6,6,540,6.0,9,1.5,23,13,56.52173913043478,3,2,1,1,16.666666666666664,1,0,1,0,100.0,1,1,0,11.1,0.46,2.1,0.35,27,68,39.7,189,15,30.2,31.1,30,36.7,35.4,65,2,3.1,7,1.17,15.9,2025-2026,53eef3584fb8f0e678c7d106fa2a3b6d
Lorenzo Montipò,ITA,GK,Hellas Verona,Serie A,0.0,1996,6,6,540,6.0,9,1.5,24,14,58.333333333333336,0,3,3,1,16.666666666666664,1,0,1,0,100.0,0,1,0,8.8,0.33,-0.2,-0.03,34,106,32.1,136,24,50.7,40.4,40,92.5,61.1,74,3,4.1,3,0.5,13.2,2025-2026,1053343975348acfe23a93a73af22294
Matías Dituro,ARG,GK,Elche,La Liga,0.0,1987,5,5,450,5.0,5,1.0,16,11,68.75,2,3,0,1,20.0,0,0,0,0,0.0,0,0,0,4.1,0.25,-0.9,-0.19,40,98,40.8,286,18,30.1,30.8,22,54.5,45.2,66,8,12.1,13,2.6,15.5,2025-2026,feadecfe8046312fabaeb758cb6c3a3e
Arijanet Muric,KVX,GK,Sassuolo,Serie A,0.0,1998,5,5,450,5.0,6,1.2,29,24,82.75862068965517,3,0,2,2,40.0,1,1,0,0,0.0,0,1,1,8.1,0.27,3.1,0.62,37,85,43.5,161,27,41.6,35.5,27,66.7,51.9,71,8,11.3,1,0.2,11.9,2025-2026,1f653df5a28588459b0f4cd648002952
Pau López,ESP,GK,Betis,La Liga,0.0,1994,5,5,450,5.0,3,0.6,18,14,77.77777777777779,4,1,0,2,40.0,1,0,1,0,100.0,0,1,0,4.9,0.24,1.9,0.38,22,67,32.8,129,14,31.8,34.2,36,72.2,53.8,87,3,3.4,4,0.8,16.8,2025-2026,d75d6bca3c398147fec137cae8139799
Emiliano Martínez,ARG,GK,Aston Villa,Premier League,0.0,1992,5,5,450,5.0,4,0.8,13,9,69.23076923076923,2,2,1,1,20.0,0,0,0,0,0.0,0,2,0,3.3,0.29,-0.7,-0.13,22,52,42.3,179,19,24.0,29.5,15,60.0,49.7,64,4,6.3,6,1.2,14.4,2025-2026,9fe19e2e9d65fd816840dd4784174f3f
Robin Zentner,GER,GK,Mainz 05,Bundesliga,0.0,1994,5,5,426,4.7,6,1.27,16,10,62.5,1,1,3,0,0.0,0,0,0,0,0.0,0,1,0,4.5,0.28,-1.5,-0.32,27,95,28.4,140,14,51.4,42.0,36,63.9,53.7,61,7,11.5,9,1.9,15.0,2025-2026,7897d3926df83cf6ddeed725554138b9
Mike Maignan,FRA,GK,Milan,Serie A,0.0,1995,5,5,415,4.6,3,0.65,15,12,80.0,3,1,1,2,40.0,1,1,0,0,0.0,0,1,0,5.0,0.31,2.0,0.42,14,46,30.4,159,22,23.9,31.9,17,47.1,41.4,77,8,10.4,0,0.0,7.3,2025-2026,a7c51a88de219dd2d239bdd494440a44
Radosław Majecki,POL,GK,Brest,Ligue 1,0.0,1999,5,5,414,4.6,5,1.09,14,9,64.28571428571429,1,2,2,2,40.0,0,0,0,0,0.0,0,1,0,4.5,0.34,-0.5,-0.11,38,90,42.2,128,20,49.2,40.3,35,77.1,58.8,70,7,10.0,1,0.22,8.8,2025-2026,29fdd90774d7d5c606c47a6176403a1a
Donovan Léon,GUF,GK,Auxerre,Ligue 1,0.0,1992,5,5,404,4.5,6,1.34,19,13,68.42105263157895,2,0,3,2,40.0,1,0,1,0,100.0,0,3,1,6.3,0.3,1.3,0.28,27,98,27.6,135,10,60.7,44.1,19,84.2,64.0,38,1,2.6,9,2.0,20.2,2025-2026,4ef65f3715985bf69a71b57b9656a139
Philipp Köhn,SUI,GK,Monaco,Ligue 1,0.0,1998,5,4,372,4.1,8,1.94,16,9,56.25,2,1,1,0,0.0,2,2,0,0,0.0,0,0,1,5.6,0.26,-1.4,-0.34,9,18,50.0,82,22,19.5,26.3,20,10.0,22.1,46,3,6.5,5,1.21,17.3,2025-2026,75498e14ce12fffc928f9eb65b3a9b29
Emil Audero,IDN,GK,Cremonese,Serie A,0.0,1997,4,4,360,4.0,3,0.75,23,20,86.95652173913044,2,2,0,2,50.0,1,1,0,0,0.0,0,0,0,5.0,0.18,2.0,0.49,18,72,25.0,151,26,39.1,35.6,21,61.9,47.5,66,8,12.1,0,0.0,9.9,2025-2026,e9983094b24ccc2ce3830045f46a471c
Mio Backhaus,GER,GK,Werder Bremen,Bundesliga,0.0,2004,4,4,360,4.0,10,2.5,16,7,43.75,1,1,2,1,25.0,2,2,0,0,0.0,0,0,1,7.4,0.36,-1.6,-0.4,7,19,36.8,134,23,11.2,26.1,18,22.2,31.7,66,8,12.1,5,1.25,11.9,2025-2026,a5d7e35dd8887f706dd416f606e15226
Karl Darlow,WAL,GK,Leeds United,Premier League,0.0,1990,4,4,360,4.0,6,1.5,17,12,70.58823529411765,1,1,2,0,0.0,0,0,0,0,0.0,1,0,1,3.9,0.23,-1.1,-0.27,28,91,30.8,153,24,45.8,38.9,25,84.0,58.6,76,4,5.3,3,0.75,10.7,2025-2026,ceaf1a07438b4691961643ea0493901f
Rémy Descamps,FRA,GK,Lyon,Ligue 1,0.0,1996,4,4,360,4.0,3,0.75,12,10,83.33333333333334,3,0,1,3,75.0,0,0,0,0,0.0,0,1,1,4.8,0.4,2.8,0.71,5,27,18.5,112,15,19.6,28.4,13,38.5,38.7,59,2,3.4,3,0.75,12.9,2025-2026,2bd61d574809a23aa1cc5aa2b820f8ab
Gianluigi Donnarumma,ITA,GK,Manchester City,Premier League,0.0,1999,4,4,360,4.0,2,0.5,8,6,75.0,3,1,0,2,50.0,0,0,0,0,0.0,0,0,0,2.3,0.29,0.3,0.08,15,43,34.9,97,12,32.0,30.7,16,75.0,49.5,53,3,5.7,1,0.25,8.0,2025-2026,3ffa183485a3acbf85925bf5772187f7
Mads Hermansen,DEN,GK,West Ham,Premier League,0.0,2000,4,4,360,4.0,11,2.75,20,9,45.0,1,0,3,1,25.0,0,0,0,0,0.0,0,6,0,9.3,0.46,-1.7,-0.43,19,72,26.4,141,19,41.1,33.9,16,87.5,61.3,72,5,6.9,1,0.25,8.8,2025-2026,128bef4c5e5d7d1ac2bdf56a4c30c23d
Yvon Mvogo,SUI,GK,Lorient,Ligue 1,0.0,1994,4,4,360,4.0,8,2.0,13,5,38.46153846153847,1,1,2,0,0.0,3,2,0,1,0.0,0,3,0,5.7,0.33,-2.3,-0.56,17,47,36.2,136,15,28.7,31.5,11,72.7,50.1,68,7,10.3,4,1.0,13.3,2025-2026,0b5fc8b00eabf7e2dc85368d8bfd6809
Yann Sommer,SUI,GK,Inter,Serie A,0.0,1988,4,4,360,4.0,7,1.75,15,8,53.333333333333336,2,0,2,1,25.0,1,1,0,0,0.0,0,1,0,4.4,0.27,-2.6,-0.65,8,18,44.4,104,14,14.4,25.7,21,14.3,22.9,37,1,2.7,3,0.75,18.6,2025-2026,9f5e2760771ecf94c68a5cd50804279d
José Sá,POR,GK,Wolves,Premier League,0.0,1993,4,4,360,4.0,11,2.75,16,5,31.25,0,0,4,0,0.0,0,0,0,0,0.0,1,1,0,7.1,0.44,-3.9,-0.99,23,60,38.3,108,14,41.7,37.0,23,65.2,53.5,46,4,8.7,4,1.0,14.2,2025-2026,2a9091ad6a6d3f59b48795dbc3db5bad
Odysseas Vlachodimos,GRE,GK,Sevilla,La Liga,0.0,1994,4,4,360,4.0,4,1.0,24,20,83.33333333333334,3,0,1,1,25.0,2,1,0,1,0.0,0,0,0,6.0,0.22,2.0,0.49,25,59,42.4,116,21,37.9,35.5,27,55.6,44.4,56,2,3.6,2,0.5,10.3,2025-2026,c7e851328cec28eaee1aa2f6a3dc3659
Ørjan Nyland,NOR,GK,Sevilla,La Liga,0.0,1990,4,4,360,4.0,7,1.75,16,9,56.25,1,1,2,1,25.0,1,1,0,0,0.0,1,1,0,6.3,0.34,-0.7,-0.17,14,48,29.2,114,13,31.6,35.4,16,75.0,56.1,52,0,0.0,5,1.25,17.6,2025-2026,7e40e15dd2e32069b712122df3a151d7
Alex Meret,ITA,GK,Napoli,Serie A,0.0,1997,4,4,360,4.0,4,1.0,12,8,66.66666666666666,3,0,1,2,50.0,1,1,0,0,0.0,0,0,0,3.9,0.25,-0.1,-0.03,5,14,35.7,85,12,15.3,25.7,24,4.2,23.4,19,1,5.3,6,1.5,19.4,2025-2026,f3948134c48ad6f4dedd6856c4ba07f4
Michael Zetterer,GER,GK,Eint Frankfurt,Bundesliga,0.0,1995,3,3,270,3.0,5,1.67,17,12,70.58823529411765,2,0,1,0,0.0,1,1,0,0,0.0,2,0,0,4.5,0.22,-0.5,-0.17,12,30,40.0,101,17,23.8,31.7,15,40.0,38.9,34,1,2.9,5,1.67,15.4,2025-2026,af884369a523aca2e1d5e49c2235e473
Álvaro Vallés,ESP,GK,Betis,La Liga,0.0,1997,3,3,270,3.0,5,1.67,13,9,69.23076923076923,0,2,1,0,0.0,0,0,0,0,0.0,0,2,1,2.6,0.2,-1.4,-0.46,6,22,27.3,89,13,21.3,29.3,19,15.8,30.6,36,1,2.8,5,1.67,13.4,2025-2026,e70e3256e9d0b217e62ddf41f904e440
James Trafford,ENG,GK,Manchester City,Premier League,0.0,2002,3,3,270,3.0,4,1.33,15,11,73.33333333333333,1,0,2,1,33.33333333333333,1,1,0,0,0.0,0,0,0,5.9,0.34,1.9,0.62,10,36,27.8,103,11,27.2,29.6,15,53.3,44.9,26,2,7.7,14,4.67,18.1,2025-2026,41cfb4f794ab6b1d1fd2d5e9fcdb60c5
Kauã Santos,BRA,GK,Eint Frankfurt,Bundesliga,0.0,2003,3,3,270,3.0,11,3.67,16,5,31.25,1,0,2,0,0.0,0,0,0,0,0.0,0,2,0,8.4,0.54,-2.6,-0.85,5,43,11.6,107,14,34.6,32.5,14,42.9,37.3,22,3,13.6,4,1.33,15.4,2025-2026,58572e789fb0e7062a62b9b98beac457
Lucas Perri,BRA,GK,Leeds United,Premier League,0.0,1997,3,3,270,3.0,5,1.67,8,3,37.5,1,1,1,2,66.66666666666666,1,1,0,0,0.0,0,2,0,3.0,0.3,-2.0,-0.66,17,71,23.9,91,12,57.1,42.8,20,95.0,64.4,35,2,5.7,0,0.0,9.2,2025-2026,098a2d37677ca29f710265c558ac74ea
Iñaki Peña,ESP,GK,Elche,La Liga,0.0,1999,3,3,270,3.0,4,1.33,11,7,63.63636363636363,1,1,1,1,33.33333333333333,1,1,0,0,0.0,0,0,0,3.4,0.22,-0.6,-0.19,16,53,30.2,165,12,28.5,29.2,10,60.0,49.0,56,2,3.6,5,1.67,14.1,2025-2026,6ad4befcc275538aa0f3913166d2a608
Sam Johnstone,ENG,GK,Wolves,Premier League,0.0,1993,3,3,270,3.0,3,1.0,13,10,76.92307692307693,0,2,1,0,0.0,0,0,0,0,0.0,0,1,0,4.7,0.36,1.7,0.56,27,84,32.1,114,19,57.9,41.3,25,72.0,52.2,78,2,2.6,4,1.33,13.0,2025-2026,8078bcce2f89828907131a694df97e93
Bingourou Kamara,SEN,GK,Lorient,Ligue 1,0.0,1996,3,3,270,3.0,8,2.67,15,7,46.666666666666664,1,0,2,1,33.33333333333333,1,0,0,1,0.0,0,0,0,5.1,0.34,-2.9,-0.96,12,22,54.5,65,7,29.2,30.0,9,33.3,31.0,26,2,7.7,5,1.67,15.3,2025-2026,768c94fee9d40b2597f4861e30915d15
Dominik Greif,SVK,GK,Lyon,Ligue 1,0.0,1997,3,3,270,3.0,2,0.67,9,7,77.77777777777779,2,0,1,2,66.66666666666666,0,0,0,0,0.0,0,1,0,2.2,0.26,0.2,0.06,12,30,40.0,120,10,21.7,26.2,11,36.4,38.0,38,3,7.9,4,1.33,15.1,2025-2026,f9c6be2e178aee1baf657c77d6e351f9
Alphonse Areola,FRA,GK,West Ham,Premier League,0.0,1993,3,3,270,3.0,5,1.67,14,9,64.28571428571429,0,1,2,0,0.0,1,1,0,0,0.0,0,2,0,3.9,0.24,-1.1,-0.35,11,48,22.9,82,15,41.5,35.4,24,58.3,45.7,49,2,4.1,0,0.0,5.2,2025-2026,f4b0b8d398850c50f042120d17263c87
Lukáš Hrádecký,FIN,GK,Monaco,Ligue 1,0.0,1989,3,3,258,2.9,4,1.4,8,4,50.0,2,0,1,0,0.0,2,1,0,1,0.0,0,0,0,3.1,0.28,-0.9,-0.3,10,34,29.4,92,7,30.4,30.6,13,46.2,36.0,42,2,4.8,4,1.4,18.9,2025-2026,4cbd08bcbc81a32afa669991feec8b6f
Théo De Percin,MTQ,GK,Auxerre,Ligue 1,0.0,2001,3,2,226,2.5,4,1.59,11,7,63.63636363636363,0,0,2,0,0.0,0,0,0,0,0.0,0,0,0,3.0,0.28,-1.0,-0.42,16,52,30.8,73,6,56.2,42.4,12,91.7,60.5,41,3,7.3,5,1.99,16.6,2025-2026,2d2a6dd0b8d0a5cd65a7459fc95378e3
Grégoire Coudert,FRA,GK,Brest,Ligue 1,0.0,1999,3,2,212,2.4,6,2.55,15,9,60.0,1,0,1,0,0.0,1,1,0,0,0.0,0,1,0,6.2,0.4,0.2,0.1,20,51,39.2,66,12,54.5,42.1,17,88.2,61.2,42,2,4.8,1,0.42,11.0,2025-2026,64afc2303876f15ef86b12924db99824
Pablo Cuñat,ESP,GK,Levante,La Liga,0.0,2002,2,2,180,2.0,5,2.5,14,10,71.42857142857143,0,0,2,0,0.0,0,0,0,0,0.0,0,3,1,4.7,0.34,0.7,0.37,11,37,29.7,45,14,48.9,41.7,26,57.7,48.1,46,2,4.3,1,0.5,8.1,2025-2026,d3af763b087b459c4ac6ea01a383b9ce
Karl Jakob Hein,EST,GK,Werder Bremen,Bundesliga,0.0,2002,2,2,180,2.0,4,2.0,15,11,73.33333333333333,1,0,1,1,50.0,1,1,0,0,0.0,0,1,0,4.7,0.26,0.7,0.36,15,36,41.7,111,11,24.3,29.7,10,90.0,58.7,28,2,7.1,6,3.0,17.6,2025-2026,d812d92ab8917aa4372520be50cf4591
Marco Bizot,NED,GK,Aston Villa,Premier League,0.0,1991,2,2,180,2.0,3,1.5,7,4,57.14285714285714,0,1,1,1,50.0,1,1,0,0,0.0,0,0,0,3.1,0.33,0.1,0.05,7,27,25.9,53,8,30.2,32.2,14,78.6,53.5,28,4,14.3,10,5.0,18.4,2025-2026,4993c3da76e5de8d41ddc97f9bbc904d
Arnau Tenas,ESP,GK,Villarreal,La Liga,0.0,2001,2,2,180,2.0,4,2.0,9,5,55.55555555555556,1,0,1,0,0.0,1,1,0,0,0.0,0,0,0,3.1,0.26,-0.9,-0.47,6,32,18.8,38,2,42.1,39.0,21,76.2,57.9,29,1,3.4,1,0.5,11.0,2025-2026,aef888e0be86f0a68ef8162f0e53fda6
Wojciech Szczęsny,POL,GK,Barcelona,La Liga,0.0,1990,2,2,180,2.0,5,2.5,7,2,28.57142857142857,1,0,1,0,0.0,1,1,0,0,0.0,0,0,0,4.5,0.51,-0.5,-0.27,2,12,16.7,63,7,19.0,25.2,7,0.0,22.1,17,0,0.0,5,2.5,25.4,2025-2026,6d9e250c5762020adce499eb64b53a3f
Marco Silvestri,ITA,GK,Cremonese,Serie A,0.0,1991,2,2,180,2.0,5,2.5,15,10,66.66666666666666,0,1,1,0,0.0,0,0,0,0,0.0,0,1,0,5.1,0.34,0.1,0.05,10,34,29.4,56,13,35.7,33.0,27,51.9,43.7,34,1,2.9,1,0.5,11.5,2025-2026,41696a34508d0caf42b69714af912e5c
Josep Martinez,ESP,GK,Inter,Serie A,0.0,1998,2,2,180,2.0,1,0.5,5,4,80.0,2,0,0,1,50.0,0,0,0,0,0.0,0,0,0,1.4,0.28,0.4,0.21,6,21,28.6,61,7,24.6,27.4,9,66.7,48.2,21,0,0.0,4,2.0,19.0,2025-2026,66be9d91b0919aee1c06c4abaccf7a18
Vanja Milinković-Savić,SRB,GK,Napoli,Serie A,0.0,1997,2,2,180,2.0,2,1.0,4,2,50.0,2,0,0,0,0.0,0,0,0,0,0.0,0,1,0,0.9,0.22,-1.1,-0.55,10,34,29.4,63,7,41.3,37.5,15,53.3,51.1,31,4,12.9,0,0.0,9.0,2025-2026,3717d7844ceeaa2730a28252fc88f4da
Vladyslav Krapyvtsov,UKR,GK,Girona,La Liga,0.0,2005,2,1,136,1.5,6,3.97,9,3,33.33333333333333,0,0,1,0,0.0,1,1,0,0,0.0,0,1,0,3.4,0.29,-2.6,-1.72,6,20,30.0,36,8,33.3,30.4,11,72.7,54.5,22,0,0.0,0,0.0,14.0,2025-2026,916ab22aee5285ea670ddb922f4e0473
Pietro Terracciano,ITA,GK,Milan,Serie A,0.0,1990,2,1,125,1.4,0,0.0,4,4,100.0,1,0,0,2,100.0,0,0,0,0,0.0,0,0,0,0.2,0.05,0.2,0.13,7,9,77.8,30,5,20.0,30.6,6,50.0,43.3,19,1,5.3,0,0.0,8.3,2025-2026,d118171a7a2e39c4a4df7e83d8bd85e5
Lasse Rieß,GER,GK,Mainz 05,Bundesliga,0.0,2001,2,1,112,1.2,4,3.21,10,6,60.0,0,0,1,0,0.0,0,0,0,0,0.0,0,0,0,3.2,0.33,-0.8,-0.62,4,12,33.3,33,3,33.3,33.8,6,16.7,27.8,5,0,0.0,2,1.61,19.5,2025-2026,e5b1f19fd34761a20d60b154df975b03
Arnaud Bodart,BEL,GK,Lille,Ligue 1,0.0,1998,1,1,90,1.0,1,1.0,2,1,50.0,0,0,1,0,0.0,0,0,0,0,0.0,0,0,0,1.6,0.79,0.6,0.57,8,14,57.1,28,2,42.9,34.8,5,40.0,37.0,9,0,0.0,1,1.0,13.5,2025-2026,63a850f20270a9b3439f0213a44b4240
Senne Lammens,BEL,GK,Manchester Utd,Premier League,0.0,2002,1,1,90,1.0,0,0.0,3,3,100.0,1,0,0,1,100.0,0,0,0,0,0.0,0,0,0,0.9,0.31,0.9,0.94,10,37,27.0,39,2,76.9,50.7,7,100.0,68.1,13,2,15.4,3,3.0,16.8,2025-2026,e205231e131888c91d370f76fe684433
Karl-Johan Johnsson,SWE,GK,Strasbourg,Ligue 1,0.0,1990,1,1,90,1.0,0,0.0,2,2,100.0,1,0,0,1,100.0,0,0,0,0,0.0,0,0,0,0.3,0.14,0.3,0.28,3,10,30.0,32,2,28.1,29.6,2,50.0,45.5,13,1,7.7,3,3.0,18.9,2025-2026,a354f4a47f34d8527bc5d25b33f8169e
Jeffrey De Lange,NED,GK,Marseille,Ligue 1,0.0,1998,1,1,90,1.0,0,0.0,1,1,100.0,1,0,0,1,100.0,0,0,0,0,0.0,0,0,0,0.0,0.02,0.0,0.02,0,0,0.0,7,0,0.0,17.9,1,0.0,16.0,3,0,0.0,1,1.0,22.0,2025-2026,69aa0490fe22f05c24878f6445c92e45
Kevin Trapp,GER,GK,Paris FC,Ligue 1,0.0,1990,1,1,90,1.0,2,2.0,2,0,0.0,1,0,0,0,0.0,0,0,0,0,0.0,0,1,0,1.5,0.75,-0.5,-0.5,1,8,12.5,28,4,28.6,32.3,7,0.0,22.9,13,1,7.7,3,3.0,22.0,2025-2026,e6f221bdaa5be6e609194779140a4d96
Giorgi Mamardashvili,GEO,GK,Liverpool,Premier League,0.0,2000,1,1,90,1.0,2,2.0,6,4,66.66666666666666,0,0,1,0,0.0,0,0,0,0,0.0,0,0,0,1.6,0.28,-0.4,-0.35,6,15,40.0,46,10,28.3,28.8,6,33.3,32.7,16,2,12.5,2,2.0,13.7,2025-2026,009e10bd6e899eb95855e40681a81192
Stefano Turati,ITA,GK,Sassuolo,Serie A,0.0,2001,1,1,90,1.0,2,2.0,4,2,50.0,0,0,1,0,0.0,0,0,0,0,0.0,1,0,0,1.2,0.31,-0.8,-0.76,0,16,0.0,23,4,56.5,40.7,3,100.0,67.3,9,1,11.1,1,1.0,10.0,2025-2026,5d89dc23994d15dbbb3c295efa6bf950
Filip Jørgensen,DEN,GK,Chelsea,Premier League,0.0,2002,1,0,84,0.9,2,2.14,3,1,33.33333333333333,0,0,0,0,0.0,0,0,0,0,0.0,0,1,0,1.8,0.59,-0.2,-0.23,3,10,30.0,31,1,22.6,26.0,4,75.0,55.8,20,0,0.0,1,1.08,16.3,2025-2026,a2d91e3d08bd10860c1e7f7e1af438c7
